CustomerID,AddressID,FullName,Email,ContactNumber
1,1,"Laney Fadden","laney.fadden.@yahoo.com","6068907618"
2,362,"Giacopo Bramich","giacopo.bramich.@yahoo.com","9755294577"
3,363,"Lia Bonar","lia.bonar.@yahoo.com","4391211230"
4,364,"Merrill Baudon","merrill.baudon.@yahoo.com","5143879430"
5,365,"Tasia Fautly","tasia.fautly.@yahoo.com","2958448235"
6,366,"Angel Veschambre","angel.veschambre.@yahoo.com","8479548755"
7,292,"Sheilah Maestro","sheilah.maestro.@yahoo.com","1067220089"
8,367,"Audie Willcocks","audie.willcocks.@yahoo.com","5609986689"
9,293,"Mart Malsher","mart.malsher.@yahoo.com","4409606452"
10,2,"Magdalen Lacheze","magdalen.lacheze.@yahoo.com","5809037288"
11,368,"Margarita Mancktelow","margarita.mancktelow.@yahoo.com","4527517241"
12,369,"Ashil Brogini","ashil.brogini.@yahoo.com","6053558292"
13,3,"Arthur Mathewson","arthur.mathewson.@yahoo.com","8276891548"
14,370,"Ennis Dungate","ennis.dungate.@yahoo.com","1637043114"
15,294,"Tiffani Halstead","tiffani.halstead.@yahoo.com","7311578991"
16,371,"Roddie Winterbotham","roddie.winterbotham.@yahoo.com","7505905432"
17,372,"Pincas Stearn","pincas.stearn.@yahoo.com","8544752011"
18,4,"Tony Crabtree","tony.crabtree.@yahoo.com","5133172102"
19,183,"Tamarah Filasov","tamarah.filasov.@yahoo.com","9432671666"
20,373,"Pen Pruce","pen.pruce.@yahoo.com","8968758886"
21,5,"Boot Burree","boot.burree.@yahoo.com","2682753970"
22,374,"Sabra Calbreath","sabra.calbreath.@yahoo.com","7997441193"
23,184,"Obidiah Zanicchi","obidiah.zanicchi.@yahoo.com","4684602844"
24,6,"Anders Stowe","anders.stowe.@yahoo.com","6690941364"
25,185,"Locke Janaway","locke.janaway.@yahoo.com","8583830657"
26,7,"Kaylyn Colebourne","kaylyn.colebourne.@yahoo.com","3361065360"
27,375,"Noni Quickenden","noni.quickenden.@yahoo.com","1107400062"
28,8,"Alan Paskell","alan.paskell.@yahoo.com","5195451587"
29,186,"Anny Pattemore","anny.pattemore.@yahoo.com","1384884592"
30,295,"Les Harmson","les.harmson.@yahoo.com","4501651161"
31,9,"Horatio Lundy","horatio.lundy.@yahoo.com","1114355889"
32,376,"Sibley Rodder","sibley.rodder.@yahoo.com","8960464766"
33,10,"Dniren Copperwaite","dniren.copperwaite.@yahoo.com","5840161105"
34,377,"Sorcha Beesley","sorcha.beesley.@yahoo.com","4341994212"
35,378,"Alison Jamieson","alison.jamieson.@yahoo.com","3315964434"
36,11,"Dre Danher","dre.danher.@yahoo.com","1127369862"
37,187,"Chris Gummer","chris.gummer.@yahoo.com","7651109026"
38,379,"Adiana Shirtliff","adiana.shirtliff.@yahoo.com","6522428951"
39,380,"Derry Davis","derry.davis.@yahoo.com","1553280070"
40,381,"Lenci McFadzean","lenci.mcfadzean.@yahoo.com","4026796829"
41,382,"Uriel Grooby","uriel.grooby.@yahoo.com","5374118002"
42,383,"Jillayne Gaiford","jillayne.gaiford.@yahoo.com","9692135318"
43,296,"Tiertza Doogan","tiertza.doogan.@yahoo.com","7246272771"
44,368,"Ilario Michie","ilario.michie.@yahoo.com","7309441878"
45,384,"Sarah Plaschke","sarah.plaschke.@yahoo.com","1978662356"
46,385,"Skipp Lowater","skipp.lowater.@yahoo.com","9582444520"
47,386,"Maddalena Wolfinger","maddalena.wolfinger.@yahoo.com","5201704382"
48,387,"Mariquilla Labbe","mariquilla.labbe.@yahoo.com","3435501668"
49,388,"Cornelius Harkess","cornelius.harkess.@yahoo.com","2960701056"
50,389,"Erv Padrick","erv.padrick.@yahoo.com","2412716986"
51,12,"Fielding Struys","fielding.struys.@yahoo.com","5488806074"
52,390,"Purcell Eyer","purcell.eyer.@yahoo.com","1988150490"
53,391,"Pietra Dibdall","pietra.dibdall.@yahoo.com","9558234608"
54,188,"Dyanne Labbet","dyanne.labbet.@yahoo.com","8366837387"
55,13,"Elsworth Stannas","elsworth.stannas.@yahoo.com","4060048593"
56,14,"Marlo McGeaney","marlo.mcgeaney.@yahoo.com","4410656160"
57,189,"Calvin Aucock","calvin.aucock.@yahoo.com","4694799258"
58,392,"Prudence Eastlake","prudence.eastlake.@yahoo.com","7086837355"
59,393,"Gwenora Beauchamp","gwenora.beauchamp.@yahoo.com","2759804053"
60,394,"Jerrie Jiran","jerrie.jiran.@yahoo.com","4261479473"
61,395,"Linc Martynov","linc.martynov.@yahoo.com","5244620946"
62,396,"Jackie Kment","jackie.kment.@yahoo.com","9404180978"
63,190,"Phil Schapero","phil.schapero.@yahoo.com","6357135897"
64,397,"Giusto Sheavills","giusto.sheavills.@yahoo.com","8518058671"
65,191,"Emmalynne Hairs","emmalynne.hairs.@yahoo.com","2823279560"
66,297,"Mirna Rosita","mirna.rosita.@yahoo.com","6049910404"
67,298,"Alard Briat","alard.briat.@yahoo.com","7012112751"
68,398,"Ferdinand Fowley","ferdinand.fowley.@yahoo.com","1084203618"
69,15,"Averell Joint","averell.joint.@yahoo.com","9550940190"
70,16,"Deane Benbough","deane.benbough.@yahoo.com","8788495782"
71,17,"Grenville Hyne","grenville.hyne.@yahoo.com","2751558368"
72,399,"Asia McNess","asia.mcness.@yahoo.com","9176290328"
73,400,"Fayre Crocket","fayre.crocket.@yahoo.com","9021012999"
74,299,"Olive Jeannon","olive.jeannon.@yahoo.com","4195312298"
75,401,"Karoline Pocock","karoline.pocock.@yahoo.com","5249369470"
76,402,"Rosanne Zorzutti","rosanne.zorzutti.@yahoo.com","3273341648"
77,192,"Kele Bracknell","kele.bracknell.@yahoo.com","2648033989"
78,300,"Artair Lant","artair.lant.@yahoo.com","8704110276"
79,403,"Marielle Buffey","marielle.buffey.@yahoo.com","4990957349"
80,18,"Maighdiln Lamswood","maighdiln.lamswood.@yahoo.com","4676513465"
81,404,"Deina Agus","deina.agus.@yahoo.com","5162301856"
82,405,"Cirilo Koschek","cirilo.koschek.@yahoo.com","3805909486"
83,19,"Konrad Standering","konrad.standering.@yahoo.com","6039774537"
84,20,"Lilyan Schohier","lilyan.schohier.@yahoo.com","7188381137"
85,406,"Eva Dulake","eva.dulake.@yahoo.com","9263243412"
86,301,"Roi Critzen","roi.critzen.@yahoo.com","7719458220"
87,407,"Darby McLae","darby.mclae.@yahoo.com","8438167785"
88,193,"Christian Yeld","christian.yeld.@yahoo.com","4446121208"
89,194,"Delilah Ayerst","delilah.ayerst.@yahoo.com","7237863794"
90,408,"Hynda Skeel","hynda.skeel.@yahoo.com","6276197851"
91,409,"Mill Lambell","mill.lambell.@yahoo.com","8571735449"
92,195,"Melicent Gieves","melicent.gieves.@yahoo.com","5945094579"
93,410,"Melisent Claessens","melisent.claessens.@yahoo.com","5945066177"
94,411,"Son Hurworth","son.hurworth.@yahoo.com","8582766717"
95,412,"Martainn Van Zon","martainn.van.zon@yahoo.com","1125887196"
96,413,"Elladine Kobiela","elladine.kobiela.@yahoo.com","4296051395"
97,21,"Candy Simoncelli","candy.simoncelli.@yahoo.com","8654426281"
98,414,"Berkley Petrashov","berkley.petrashov.@yahoo.com","5683251367"
99,415,"Eba Harriagn","eba.harriagn.@yahoo.com","2910918351"
100,416,"Wilek Ivanyushkin","wilek.ivanyushkin.@yahoo.com","9869971711"
101,196,"Kalindi Ryman","kalindi.ryman.@yahoo.com","4570338846"
102,417,"Viva Foulstone","viva.foulstone.@yahoo.com","8555744165"
103,22,"Hermione Crix","hermione.crix.@yahoo.com","2352224464"
104,302,"Evan Goldsbury","evan.goldsbury.@yahoo.com","5602654963"
105,418,"Linus Gresham","linus.gresham.@yahoo.com","6766374055"
106,419,"Malchy Huddlestone","malchy.huddlestone.@yahoo.com","4834452033"
107,23,"Hakeem Leadston","hakeem.leadston.@yahoo.com","8565292754"
108,24,"Lucilia Sandeman","lucilia.sandeman.@yahoo.com","7909792885"
109,420,"Yorgos Staite","yorgos.staite.@yahoo.com","6655459750"
110,25,"Lenore Tabb","lenore.tabb.@yahoo.com","9110901903"
111,421,"Cathleen Gooday","cathleen.gooday.@yahoo.com","7878317413"
112,26,"Heinrick Setchfield","heinrick.setchfield.@yahoo.com","3615249763"
113,422,"Worth Laweles","worth.laweles.@yahoo.com","9782870824"
114,423,"Noby Torvey","noby.torvey.@yahoo.com","8743865265"
115,27,"Adah Adamczewski","adah.adamczewski.@yahoo.com","3241230057"
116,1010,"Vivie Twinning","vivie.twinning.@yahoo.com","2957714148"
117,425,"Zora Hanalan","zora.hanalan.@yahoo.com","4170345014"
118,426,"Ham Penhall","ham.penhall.@yahoo.com","2351038437"
119,427,"Blancha Trippack","blancha.trippack.@yahoo.com","9410799722"
120,428,"Carney Speer","carney.speer.@yahoo.com","3159241264"
121,429,"Christoforo Vagg","christoforo.vagg.@yahoo.com","8845667281"
122,21,"Lorette Golsthorp","lorette.golsthorp.@yahoo.com","9966828143"
123,430,"Rana Rait","rana.rait.@yahoo.com","8968485041"
124,28,"Nev Bompas","nev.bompas.@yahoo.com","7992204779"
125,431,"Sherilyn Ilewicz","sherilyn.ilewicz.@yahoo.com","9938870607"
126,432,"Fredi Helks","fredi.helks.@yahoo.com","8889173390"
127,197,"Steward Lavies","steward.lavies.@yahoo.com","2695440064"
128,433,"Anastasie Jahnisch","anastasie.jahnisch.@yahoo.com","3620843061"
129,1011,"Lyndel Rodwell","lyndel.rodwell.@yahoo.com","8491158537"
130,435,"Elisabetta Jacke","elisabetta.jacke.@yahoo.com","7193245490"
131,436,"Gage Tocknell","gage.tocknell.@yahoo.com","5571301486"
132,437,"Den Coppock.","den.coppock..@yahoo.com","6308605842"
133,29,"Granville Mallison","granville.mallison.@yahoo.com","3569364438"
134,438,"Davita Baynham","davita.baynham.@yahoo.com","6507516225"
135,439,"Brook Rainger","brook.rainger.@yahoo.com","9924542041"
136,30,"Torr Windrus","torr.windrus.@yahoo.com","6954965774"
137,440,"Sterne Salterne","sterne.salterne.@yahoo.com","2079554934"
138,441,"Keane Wait","keane.wait.@yahoo.com","4916373611"
139,442,"Shelbi Grishakov","shelbi.grishakov.@yahoo.com","9338671857"
140,443,"Wyn Attwoull","wyn.attwoull.@yahoo.com","8399618004"
141,444,"Mady McMennum","mady.mcmennum.@yahoo.com","7309338097"
142,445,"Hedi Pellington","hedi.pellington.@yahoo.com","9035304290"
143,446,"Durante Bullers","durante.bullers.@yahoo.com","9708748070"
144,447,"Gale Reeves","gale.reeves.@yahoo.com","7450919489"
145,448,"Erika Greensmith","erika.greensmith.@yahoo.com","4936887154"
146,31,"Gerta Sanday","gerta.sanday.@yahoo.com","1858059677"
147,449,"Veronique Caramuscia","veronique.caramuscia.@yahoo.com","1876727223"
148,450,"Alaric Thaw","alaric.thaw.@yahoo.com","9136254495"
149,451,"Ingamar Forker","ingamar.forker.@yahoo.com","3962853469"
150,452,"Freida Nannizzi","freida.nannizzi.@yahoo.com","2391550786"
151,453,"Aurie Unthank","aurie.unthank.@yahoo.com","3137078422"
152,454,"Sayer Goudman","sayer.goudman.@yahoo.com","2174394497"
153,32,"Ash Lodford","ash.lodford.@yahoo.com","3775307564"
154,455,"Chaddy Mangeney","chaddy.mangeney.@yahoo.com","2264749678"
155,456,"Cullie McBrady","cullie.mcbrady.@yahoo.com","4623483972"
156,457,"Mack Fabri","mack.fabri.@yahoo.com","2033027748"
157,458,"Christen Jedrachowicz","christen.jedrachowicz.@yahoo.com","6219022354"
158,33,"Eleonore Stitcher","eleonore.stitcher.@yahoo.com","7836943564"
159,198,"Staci Coppens","staci.coppens.@yahoo.com","7813343381"
160,34,"Maible Dalgarno","maible.dalgarno.@yahoo.com","2113720590"
161,459,"Viviyan Lantiff","viviyan.lantiff.@yahoo.com","2583640504"
162,460,"Gerta Hehir","gerta.hehir.@yahoo.com","2055263831"
163,35,"Lynsey Ludlamme","lynsey.ludlamme.@yahoo.com","4403444915"
164,461,"Kariotta Core","kariotta.core.@yahoo.com","6522684913"
165,462,"Carena Nucator","carena.nucator.@yahoo.com","8954500724"
166,199,"Windham Meekin","windham.meekin.@yahoo.com","9743823414"
167,463,"Kipp Coulling","kipp.coulling.@yahoo.com","6847387705"
168,464,"Alida Dumphy","alida.dumphy.@yahoo.com","4153002118"
169,200,"Perrine Scalera","perrine.scalera.@yahoo.com","8038258585"
170,465,"Ezequiel Cunniff","ezequiel.cunniff.@yahoo.com","6987446244"
171,466,"Sully Cunney","sully.cunney.@yahoo.com","4759691432"
172,467,"Clevey Garfit","clevey.garfit.@yahoo.com","2999433189"
173,303,"Berne Banbury","berne.banbury.@yahoo.com","4480802237"
174,36,"Nessie Wheal","nessie.wheal.@yahoo.com","1456636257"
175,201,"Manolo Russ","manolo.russ.@yahoo.com","6270157772"
176,468,"Mureil Codman","mureil.codman.@yahoo.com","9759235018"
177,469,"Bradford Rafe","bradford.rafe.@yahoo.com","7904587157"
178,37,"Esra Mc Meekan","esra.mc.meekan@yahoo.com","2794787036"
179,470,"Web O`Howbane","web.o`howbane.@yahoo.com","9494824660"
180,471,"Jordan Donner","jordan.donner.@yahoo.com","4267416949"
181,472,"Yorgos BoHlingolsen","yorgos.bohlingolsen.@yahoo.com","9612704339"
182,473,"Onfroi Kornyakov","onfroi.kornyakov.@yahoo.com","1292074645"
183,474,"Aubine Chardin","aubine.chardin.@yahoo.com","5336743439"
184,38,"Hana Livesay","hana.livesay.@yahoo.com","4388520371"
185,39,"Cristabel Nutty","cristabel.nutty.@yahoo.com","3196069691"
186,40,"Abigail Struis","abigail.struis.@yahoo.com","3923636300"
187,41,"Cirillo Creamen","cirillo.creamen.@yahoo.com","9010671671"
188,475,"Jozef Godson","jozef.godson.@yahoo.com","5157430763"
189,476,"Tabbie Conboy","tabbie.conboy.@yahoo.com","7458565738"
190,477,"Roth Cousans","roth.cousans.@yahoo.com","1740429033"
191,478,"Dene Dawby","dene.dawby.@yahoo.com","1937569187"
192,479,"Kally Biers","kally.biers.@yahoo.com","8832051399"
193,480,"Garek Gearty","garek.gearty.@yahoo.com","5238508473"
194,304,"Ulick Tebboth","ulick.tebboth.@yahoo.com","9894643088"
195,481,"Merwin Pikhno","merwin.pikhno.@yahoo.com","4453370925"
196,482,"Silas Asson","silas.asson.@yahoo.com","5465137478"
197,42,"Pierson Baal","pierson.baal.@yahoo.com","5476071562"
198,202,"Reta Leipoldt","reta.leipoldt.@yahoo.com","5955366605"
199,483,"Joline Cancelier","joline.cancelier.@yahoo.com","4085950476"
200,484,"Sheffield Turbitt","sheffield.turbitt.@yahoo.com","5937335560"
201,485,"Giustina Thorne","giustina.thorne.@yahoo.com","8777785419"
202,43,"Gallagher Benyon","gallagher.benyon.@yahoo.com","5944829895"
203,486,"Sabra Corry","sabra.corry.@yahoo.com","5999142436"
204,44,"Charline Windrus","charline.windrus.@yahoo.com","4439356341"
205,487,"Webster Lomax","webster.lomax.@yahoo.com","1991506034"
206,488,"Vincent Boarer","vincent.boarer.@yahoo.com","2171921424"
207,489,"Dietrich Feetham","dietrich.feetham.@yahoo.com","9031864060"
208,490,"Charita Bosworth","charita.bosworth.@yahoo.com","7078388246"
209,305,"Basil Slarke","basil.slarke.@yahoo.com","7496429531"
210,306,"Dicky Van der","dicky.van.der@yahoo.com","7228096195"
211,491,"Kali Avis","kali.avis.@yahoo.com","3196332753"
212,203,"Zebedee Spafford","zebedee.spafford.@yahoo.com","4528146751"
213,45,"Alexandr McGill","alexandr.mcgill.@yahoo.com","5903995727"
214,46,"Lulu Hastin","lulu.hastin.@yahoo.com","5714402165"
215,47,"Ardenia Lobb","ardenia.lobb.@yahoo.com","9489151939"
216,307,"Cissy Blondelle","cissy.blondelle.@yahoo.com","6898976823"
217,492,"Jill O`Sirin","jill.o`sirin.@yahoo.com","6634115740"
218,204,"Tommi Durham","tommi.durham.@yahoo.com","3743317314"
219,493,"Adham Heyns","adham.heyns.@yahoo.com","2253980676"
220,494,"Shandeigh Andreas","shandeigh.andreas.@yahoo.com","3606766045"
221,495,"Ram Chaudhry","ram.chaudhry.@yahoo.com","1903217868"
222,48,"Mattie Winyard","mattie.winyard.@yahoo.com","6292518426"
223,496,"Forester Buxcey","forester.buxcey.@yahoo.com","6707616255"
224,497,"Crysta Garratty","crysta.garratty.@yahoo.com","1163888473"
225,49,"Waylan Grieve","waylan.grieve.@yahoo.com","5633714457"
226,50,"Ermina Kitter","ermina.kitter.@yahoo.com","1255629246"
227,205,"Raymond Cranage","raymond.cranage.@yahoo.com","2522312143"
228,206,"Kore Smurfit","kore.smurfit.@yahoo.com","6345579796"
229,498,"Desdemona Dobbinson","desdemona.dobbinson.@yahoo.com","4983571073"
230,499,"Elora Eliesco","elora.eliesco.@yahoo.com","8635365473"
231,500,"Annaliese Cowill","annaliese.cowill.@yahoo.com","1822975721"
232,501,"Nadean Elves","nadean.elves.@yahoo.com","9207607038"
233,502,"Burgess Hancill","burgess.hancill.@yahoo.com","3586660935"
234,503,"Alvan Winspare","alvan.winspare.@yahoo.com","3657587514"
235,504,"Ethelbert Cordeux","ethelbert.cordeux.@yahoo.com","5766932483"
236,505,"Gilberta Sabberton","gilberta.sabberton.@yahoo.com","5995004747"
237,506,"Reginauld Kelemen","reginauld.kelemen.@yahoo.com","5699220887"
238,207,"Merrill Sawford","merrill.sawford.@yahoo.com","3228993170"
239,507,"Jackelyn Jacox","jackelyn.jacox.@yahoo.com","5488752183"
240,508,"Rene Garn","rene.garn.@yahoo.com","2742105585"
241,51,"Araldo Gutman","araldo.gutman.@yahoo.com","7766917977"
242,509,"Stewart Keppe","stewart.keppe.@yahoo.com","5982972785"
243,510,"Fidelity Banham","fidelity.banham.@yahoo.com","9624544351"
244,52,"Zorana Diggin","zorana.diggin.@yahoo.com","6388987112"
245,511,"Grenville Bottomore","grenville.bottomore.@yahoo.com","6781779259"
246,53,"Julina Di Franceschi","julina.di.franceschi@yahoo.com","7684675065"
247,512,"Natty Murt","natty.murt.@yahoo.com","4579959947"
248,513,"Phillipe Ropartz","phillipe.ropartz.@yahoo.com","6693773064"
249,514,"Douglas O` Cloney","douglas.o`.cloney@yahoo.com","8712852354"
250,515,"Adrianne Freeland","adrianne.freeland.@yahoo.com","8445711540"
251,54,"Maisie Matyushkin","maisie.matyushkin.@yahoo.com","2488328546"
252,516,"Lew Allot","lew.allot.@yahoo.com","3371206608"
253,517,"Fairfax Seniour","fairfax.seniour.@yahoo.com","4867509190"
254,518,"Vania Gilding","vania.gilding.@yahoo.com","7707595941"
255,519,"Aime Ferry","aime.ferry.@yahoo.com","8143021499"
256,520,"Waldo Tomkiss","waldo.tomkiss.@yahoo.com","7796780091"
257,55,"Ely Doodson","ely.doodson.@yahoo.com","1101824939"
258,521,"Cate Pagitt","cate.pagitt.@yahoo.com","6729477135"
259,522,"Johnette Haitlie","johnette.haitlie.@yahoo.com","6197141974"
260,56,"Aldric Jerman","aldric.jerman.@yahoo.com","8427937857"
261,523,"Maybelle Bellows","maybelle.bellows.@yahoo.com","1555395038"
262,524,"Merlina Lermit","merlina.lermit.@yahoo.com","4640364886"
263,525,"Livvyy Grombridge","livvyy.grombridge.@yahoo.com","2658178854"
264,208,"Tibold MacGorley","tibold.macgorley.@yahoo.com","9594958685"
265,526,"Madelin Giacomi","madelin.giacomi.@yahoo.com","1375400054"
266,209,"Arnie Jay","arnie.jay.@yahoo.com","6097225237"
267,527,"Berenice Marples","berenice.marples.@yahoo.com","1503023985"
268,528,"Marys Offen","marys.offen.@yahoo.com","8440454486"
269,529,"Dacey Witherden","dacey.witherden.@yahoo.com","7848345500"
270,57,"Chloette Pyke","chloette.pyke.@yahoo.com","7820261812"
271,530,"Kameko Cockton","kameko.cockton.@yahoo.com","6709453673"
272,210,"Rayner Lukianovich","rayner.lukianovich.@yahoo.com","5359784859"
273,531,"Donella Tomasini","donella.tomasini.@yahoo.com","8515158638"
274,532,"Dennison Qusklay","dennison.qusklay.@yahoo.com","3682531224"
275,533,"Orel Gawthrope","orel.gawthrope.@yahoo.com","9312209141"
276,534,"Harriett O`Sirin","harriett.o`sirin.@yahoo.com","9247975700"
277,535,"Mona Rudwell","mona.rudwell.@yahoo.com","9111161562"
278,211,"Britta Barday","britta.barday.@yahoo.com","2074826518"
279,58,"Zita Coldbath","zita.coldbath.@yahoo.com","2284888843"
280,212,"Phillis Denley","phillis.denley.@yahoo.com","7991231389"
281,213,"Sandor Barradell","sandor.barradell.@yahoo.com","7478344242"
282,536,"Rowena Santori","rowena.santori.@yahoo.com","3559355012"
283,537,"Licha Verden","licha.verden.@yahoo.com","9304106267"
284,538,"Anabelle Dominelli","anabelle.dominelli.@yahoo.com","1290050361"
285,308,"Philomena Petracchi","philomena.petracchi.@yahoo.com","7854847879"
286,539,"Annaliese Brunsden","annaliese.brunsden.@yahoo.com","6804336997"
287,540,"Kym Lepard","kym.lepard.@yahoo.com","4105371304"
288,541,"Haily Izakoff","haily.izakoff.@yahoo.com","8103083968"
289,542,"Junie Older","junie.older.@yahoo.com","2400966497"
290,543,"Currie Fidell","currie.fidell.@yahoo.com","8081856509"
291,309,"Estele Schultze","estele.schultze.@yahoo.com","7749765975"
292,544,"Ber Dillet","ber.dillet.@yahoo.com","3439833742"
293,545,"Merill Leyninye","merill.leyninye.@yahoo.com","5197759436"
294,546,"Herve Tunmore","herve.tunmore.@yahoo.com","1564456332"
295,547,"Armstrong Collerd","armstrong.collerd.@yahoo.com","7442174524"
296,310,"Allyce Mantione","allyce.mantione.@yahoo.com","2261812944"
297,59,"Sue Voyce","sue.voyce.@yahoo.com","6859059966"
298,548,"Teriann Olivari","teriann.olivari.@yahoo.com","3173220749"
299,549,"Dalila Baldree","dalila.baldree.@yahoo.com","7058835198"
300,60,"Becki Bonsall","becki.bonsall.@yahoo.com","9670233100"
301,311,"Valma Brideau","valma.brideau.@yahoo.com","5225607005"
302,214,"Zach Bondley","zach.bondley.@yahoo.com","2796389560"
303,550,"Katherine Midson","katherine.midson.@yahoo.com","1513626212"
304,312,"Alisander Cornelisse","alisander.cornelisse.@yahoo.com","5829565797"
305,551,"Fax Rojahn","fax.rojahn.@yahoo.com","2720808229"
306,552,"Hymie Meadowcroft","hymie.meadowcroft.@yahoo.com","4566136998"
307,61,"Steffie Slemmonds","steffie.slemmonds.@yahoo.com","8576751708"
308,553,"Melessa Lecordier","melessa.lecordier.@yahoo.com","8614227855"
309,554,"Gardy Neljes","gardy.neljes.@yahoo.com","3323782910"
310,555,"Chrotoem Estevez","chrotoem.estevez.@yahoo.com","6133165463"
311,556,"Cori Percifer","cori.percifer.@yahoo.com","1678037381"
312,557,"Melisse Southeran","melisse.southeran.@yahoo.com","7767733527"
313,558,"Maressa Fruish","maressa.fruish.@yahoo.com","8087065762"
314,559,"Moishe Constant","moishe.constant.@yahoo.com","3560259864"
315,560,"Jakie Bullan","jakie.bullan.@yahoo.com","5584151924"
316,561,"Deloria Hannen","deloria.hannen.@yahoo.com","3393112800"
317,215,"Lucho McGerraghty","lucho.mcgerraghty.@yahoo.com","6196298457"
318,1016,"Dwain Eccott","dwain.eccott.@yahoo.com","6881770331"
319,563,"Jerome Ovitts","jerome.ovitts.@yahoo.com","8471622169"
320,564,"Janith Bowra","janith.bowra.@yahoo.com","7457474565"
321,565,"Essy Licence","essy.licence.@yahoo.com","8358644219"
322,566,"Rosaleen Ionnisian","rosaleen.ionnisian.@yahoo.com","3060109199"
323,567,"Titos Edgcumbe","titos.edgcumbe.@yahoo.com","6319131061"
324,568,"Sullivan Eddoes","sullivan.eddoes.@yahoo.com","6917142863"
325,569,"Flem Haibel","flem.haibel.@yahoo.com","8444558031"
326,570,"Gualterio Backshall","gualterio.backshall.@yahoo.com","9344554444"
327,571,"Chauncey Barrott","chauncey.barrott.@yahoo.com","9559467460"
328,62,"Lana Boyne","lana.boyne.@yahoo.com","7925776076"
329,572,"Mickie Alred","mickie.alred.@yahoo.com","8537029936"
330,216,"Kellyann Sambells","kellyann.sambells.@yahoo.com","7116309468"
331,573,"Alexia Candelin","alexia.candelin.@yahoo.com","2911183454"
332,217,"Bianka McLanaghan","bianka.mclanaghan.@yahoo.com","7409667165"
333,574,"Pansie Alldis","pansie.alldis.@yahoo.com","2217144625"
334,575,"Olly Dobbinson","olly.dobbinson.@yahoo.com","4065207420"
335,218,"Hale Danilchik","hale.danilchik.@yahoo.com","5324210382"
336,63,"Sandy Rubinowicz","sandy.rubinowicz.@yahoo.com","9288763730"
337,64,"Lucais Sewards","lucais.sewards.@yahoo.com","5890052104"
338,313,"Joye MacHostie","joye.machostie.@yahoo.com","6420229382"
339,219,"Celinda Mamwell","celinda.mamwell.@yahoo.com","9440189751"
340,576,"Norby Foord","norby.foord.@yahoo.com","8734212926"
341,220,"Malinde Blunn","malinde.blunn.@yahoo.com","6443282621"
342,65,"Harry Beak","harry.beak.@yahoo.com","8754081821"
343,577,"Rafferty Guyonneau","rafferty.guyonneau.@yahoo.com","2339348817"
344,66,"Marice Leavens","marice.leavens.@yahoo.com","6788754725"
345,578,"Melinda O`Brogan","melinda.o`brogan.@yahoo.com","1506268556"
346,579,"Brook Begent","brook.begent.@yahoo.com","5165631617"
347,67,"Ario Meekin","ario.meekin.@yahoo.com","9585849911"
348,580,"Schuyler Walewski","schuyler.walewski.@yahoo.com","6363095308"
349,581,"Ariadne Copeland","ariadne.copeland.@yahoo.com","3894668409"
350,582,"Tamma Clink","tamma.clink.@yahoo.com","4669366753"
351,583,"Jaynell Alty","jaynell.alty.@yahoo.com","3618350308"
352,584,"Laurianne Diehn","laurianne.diehn.@yahoo.com","2435779147"
353,585,"Padraic Zanutti","padraic.zanutti.@yahoo.com","3539940156"
354,586,"Codee Pindar","codee.pindar.@yahoo.com","1729158349"
355,587,"Gabey Macewan","gabey.macewan.@yahoo.com","2565139104"
356,221,"Dinny Fonzone","dinny.fonzone.@yahoo.com","7846609772"
357,588,"Adamo Rumens","adamo.rumens.@yahoo.com","1040921482"
358,589,"Lottie Schultheiss","lottie.schultheiss.@yahoo.com","3051169723"
359,314,"Ferguson Wilcocke","ferguson.wilcocke.@yahoo.com","2394059980"
360,590,"Kelwin Ryle","kelwin.ryle.@yahoo.com","3865150230"
361,222,"Griz Tawse","griz.tawse.@yahoo.com","5257004261"
362,591,"Katie Betancourt","katie.betancourt.@yahoo.com","4514991991"
363,592,"Caterina Sweetnam","caterina.sweetnam.@yahoo.com","7225461976"
364,68,"Karia Sonier","karia.sonier.@yahoo.com","3841103350"
365,315,"Durand Kitt","durand.kitt.@yahoo.com","9445233486"
366,593,"Veradis Tiddy","veradis.tiddy.@yahoo.com","4678864518"
367,316,"Constantina Mottley","constantina.mottley.@yahoo.com","6787404807"
368,594,"Barnabas Gerrell","barnabas.gerrell.@yahoo.com","3989630398"
369,595,"Hinda Giacopetti","hinda.giacopetti.@yahoo.com","2386671148"
370,596,"Zolly Heinzel","zolly.heinzel.@yahoo.com","4399330260"
371,597,"Julianna Jostan","julianna.jostan.@yahoo.com","7263644106"
372,223,"Hallie Roddam","hallie.roddam.@yahoo.com","7928685523"
373,69,"Madlin McGrory","madlin.mcgrory.@yahoo.com","6509290427"
374,598,"Tersina Wolfer","tersina.wolfer.@yahoo.com","8614045373"
375,70,"Andonis Rawling","andonis.rawling.@yahoo.com","7056667596"
376,599,"Aluin McUre","aluin.mcure.@yahoo.com","4144257790"
377,600,"Damiano Yurasov","damiano.yurasov.@yahoo.com","1795137686"
378,601,"Almeta Laird-Craig","almeta.laird-craig.@yahoo.com","4023403960"
379,71,"Nickolai Balmer","nickolai.balmer.@yahoo.com","9428809666"
380,602,"Isac Crimpe","isac.crimpe.@yahoo.com","5576740616"
381,603,"Verene Beatens","verene.beatens.@yahoo.com","7350259161"
382,72,"Carol-jean Croston","carol-jean.croston.@yahoo.com","5000876090"
383,1018,"Dareen Soutar","dareen.soutar.@yahoo.com","7538507486"
384,605,"Pietra Paute","pietra.paute.@yahoo.com","8260528225"
385,606,"Evvie Crossby","evvie.crossby.@yahoo.com","6649710795"
386,607,"Claybourne Costin","claybourne.costin.@yahoo.com","5240806024"
387,73,"Dennie Lilloe","dennie.lilloe.@yahoo.com","6068239933"
388,74,"Orelle Beadel","orelle.beadel.@yahoo.com","3476436930"
389,608,"Gregg Yellowlea","gregg.yellowlea.@yahoo.com","2436010819"
390,75,"Pete Morden","pete.morden.@yahoo.com","1907050313"
391,609,"Margarette Hobell","margarette.hobell.@yahoo.com","7265628174"
392,610,"Ansell Lethlay","ansell.lethlay.@yahoo.com","5706891548"
393,76,"Kathy Fairlam","kathy.fairlam.@yahoo.com","6991690601"
394,77,"Cleon Moreton","cleon.moreton.@yahoo.com","8048187100"
395,317,"Allyce Berthon","allyce.berthon.@yahoo.com","3677198724"
396,78,"Garvin Guerrazzi","garvin.guerrazzi.@yahoo.com","8694967568"
397,611,"Susette O`Neil","susette.o`neil.@yahoo.com","5769040959"
398,612,"Ignace Cooney","ignace.cooney.@yahoo.com","7831619895"
399,613,"Emera Whitewood","emera.whitewood.@yahoo.com","5327195458"
400,318,"Miquela Dutnell","miquela.dutnell.@yahoo.com","9867915332"
401,319,"Montgomery Spileman","montgomery.spileman.@yahoo.com","7252138544"
402,79,"Salem Morgen","salem.morgen.@yahoo.com","4680746574"
403,614,"Enid Francescuccio","enid.francescuccio.@yahoo.com","8817068194"
404,615,"Evelyn Serrier","evelyn.serrier.@yahoo.com","2287731662"
405,616,"Virginie McGrey","virginie.mcgrey.@yahoo.com","4206657313"
406,320,"Susie Torrisi","susie.torrisi.@yahoo.com","9777810116"
407,321,"Georgeanna Boulton","georgeanna.boulton.@yahoo.com","4055910938"
408,617,"Cynthy Stovold","cynthy.stovold.@yahoo.com","3531250725"
409,80,"Spenser Wandless","spenser.wandless.@yahoo.com","2873147597"
410,618,"Ethelind Schnieder","ethelind.schnieder.@yahoo.com","4615375457"
411,322,"Paco Towersey","paco.towersey.@yahoo.com","7641961532"
412,81,"Laverna Skeermer","laverna.skeermer.@yahoo.com","6651356062"
413,619,"Granger Aiers","granger.aiers.@yahoo.com","2457321959"
414,620,"Lilian Dislee","lilian.dislee.@yahoo.com","7528820558"
415,393,"Chrotoem Harniman","chrotoem.harniman.@yahoo.com","2492453013"
416,621,"Thorny Westrip","thorny.westrip.@yahoo.com","4542531212"
417,622,"Berny Elcoate","berny.elcoate.@yahoo.com","3723075533"
418,623,"Kiersten Dalliwater","kiersten.dalliwater.@yahoo.com","6749103910"
419,224,"Ives Armstead","ives.armstead.@yahoo.com","6706838536"
420,624,"Hersh Bolgar","hersh.bolgar.@yahoo.com","4400708936"
421,625,"Carlin Brabon","carlin.brabon.@yahoo.com","2939578802"
422,225,"Mignonne Shepland","mignonne.shepland.@yahoo.com","2988273037"
423,626,"Jacky Shapero","jacky.shapero.@yahoo.com","9851384941"
424,627,"Roch Panchen","roch.panchen.@yahoo.com","9956550593"
425,323,"Stan Clethro","stan.clethro.@yahoo.com","3565343605"
426,82,"Hamlen Mashro","hamlen.mashro.@yahoo.com","7482923050"
427,628,"Marena Jacox","marena.jacox.@yahoo.com","3205321627"
428,324,"Lorna Bogart","lorna.bogart.@yahoo.com","6941946717"
429,83,"Mirilla Barff","mirilla.barff.@yahoo.com","9158078925"
430,629,"Steffane Karpol","steffane.karpol.@yahoo.com","9961762871"
431,84,"Weston Dearden","weston.dearden.@yahoo.com","4056804612"
432,630,"Kimble Wayvill","kimble.wayvill.@yahoo.com","9048878548"
433,85,"Theadora Huetson","theadora.huetson.@yahoo.com","9004267436"
434,86,"Alexandros Brookfield","alexandros.brookfield.@yahoo.com","7765459794"
435,631,"Katrina Aylett","katrina.aylett.@yahoo.com","4887438837"
436,325,"Mateo Wightman","mateo.wightman.@yahoo.com","9400971069"
437,226,"Ariadne McCrie","ariadne.mccrie.@yahoo.com","1564386334"
438,632,"Karlene Whetson","karlene.whetson.@yahoo.com","5686398063"
439,87,"Camille Symmons","camille.symmons.@yahoo.com","6581839587"
440,326,"Silva Addy","silva.addy.@yahoo.com","1953781594"
441,327,"Maddie Raw","maddie.raw.@yahoo.com","8204966362"
442,88,"Marcile Meffen","marcile.meffen.@yahoo.com","2871698156"
443,633,"Elliott Avard","elliott.avard.@yahoo.com","8488827329"
444,634,"Cyndi Ruler","cyndi.ruler.@yahoo.com","9415886159"
445,635,"Lauralee Beteriss","lauralee.beteriss.@yahoo.com","4638623169"
446,636,"Beth Crocket","beth.crocket.@yahoo.com","4535763437"
447,637,"Peggie Biddles","peggie.biddles.@yahoo.com","8267825032"
448,638,"Roxana Dicte","roxana.dicte.@yahoo.com","7068776449"
449,639,"Alyse Pimlett","alyse.pimlett.@yahoo.com","3256602480"
450,227,"Jolee Linthead","jolee.linthead.@yahoo.com","6015303072"
451,228,"Brit Northfield","brit.northfield.@yahoo.com","5049057948"
452,640,"Baldwin Colchett","baldwin.colchett.@yahoo.com","8414167722"
453,641,"Araldo Bramhall","araldo.bramhall.@yahoo.com","4276983408"
454,642,"Josiah Thayre","josiah.thayre.@yahoo.com","9230681286"
455,229,"Alberik Fancy","alberik.fancy.@yahoo.com","9722395192"
456,1019,"Trixy Southwick","trixy.southwick.@yahoo.com","5096547808"
457,89,"Callie Dunning","callie.dunning.@yahoo.com","8843318085"
458,644,"Melloney Schimke","melloney.schimke.@yahoo.com","9425569512"
459,645,"Tammara Burgyn","tammara.burgyn.@yahoo.com","8004163609"
460,646,"Seamus Hearl","seamus.hearl.@yahoo.com","7198262055"
461,230,"Yorgo Muzzillo","yorgo.muzzillo.@yahoo.com","1794549372"
462,647,"Tiler Kenrack","tiler.kenrack.@yahoo.com","5550068181"
463,90,"Shannon Osban","shannon.osban.@yahoo.com","7430295180"
464,648,"Forest Cole","forest.cole.@yahoo.com","8748765909"
465,649,"Fred Tatersale","fred.tatersale.@yahoo.com","7212132278"
466,91,"Salvidor Francesch","salvidor.francesch.@yahoo.com","5055425089"
467,328,"Sharai MacMenamin","sharai.macmenamin.@yahoo.com","7120394569"
468,650,"Reuben Iannello","reuben.iannello.@yahoo.com","5129655781"
469,651,"Ginevra Pally","ginevra.pally.@yahoo.com","5925645202"
470,92,"Annice Maxworthy","annice.maxworthy.@yahoo.com","5386434664"
471,652,"Koo Vinick","koo.vinick.@yahoo.com","2966669867"
472,93,"Hilly Leahey","hilly.leahey.@yahoo.com","8931040548"
473,653,"Hilary Pudner","hilary.pudner.@yahoo.com","9052337818"
474,94,"Porty Auston","porty.auston.@yahoo.com","7839312294"
475,95,"Danyelle Butts","danyelle.butts.@yahoo.com","2654620149"
476,654,"Rowan Grover","rowan.grover.@yahoo.com","1065563078"
477,231,"Mariann Ibbeson","mariann.ibbeson.@yahoo.com","5174312503"
478,1020,"Renard Crispin","renard.crispin.@yahoo.com","5733421189"
479,656,"Tatiania O`Crigane","tatiania.o`crigane.@yahoo.com","9878993488"
480,96,"Koral Stampfer","koral.stampfer.@yahoo.com","7528993007"
481,657,"Launce Sowerbutts","launce.sowerbutts.@yahoo.com","1622391493"
482,658,"Leone Klulisek","leone.klulisek.@yahoo.com","6049682374"
483,659,"Maison Shoreson","maison.shoreson.@yahoo.com","1559242960"
484,660,"Tricia Bellsham","tricia.bellsham.@yahoo.com","8173098764"
485,661,"Amye Limbert","amye.limbert.@yahoo.com","2546717441"
486,97,"Igor Durrand","igor.durrand.@yahoo.com","6033749357"
487,662,"Everard Trasler","everard.trasler.@yahoo.com","4338610496"
488,232,"Chastity Medlar","chastity.medlar.@yahoo.com","4127054311"
489,663,"Morgan Gouldeby","morgan.gouldeby.@yahoo.com","3081758301"
490,664,"Read Trusty","read.trusty.@yahoo.com","1242015375"
491,665,"Flynn Magnay","flynn.magnay.@yahoo.com","8443213674"
492,666,"Kiley Nare","kiley.nare.@yahoo.com","7157866504"
493,329,"Elfrieda Umbers","elfrieda.umbers.@yahoo.com","1368309161"
494,667,"Tera Stockdale","tera.stockdale.@yahoo.com","1844725884"
495,98,"Bree Bleas","bree.bleas.@yahoo.com","5270931313"
496,99,"Cahra Delacoste","cahra.delacoste.@yahoo.com","7637407715"
497,100,"Haskel Bowell","haskel.bowell.@yahoo.com","2877461704"
498,668,"Julius Scutchin","julius.scutchin.@yahoo.com","9546933946"
499,101,"Shanan Mingay","shanan.mingay.@yahoo.com","2953764201"
500,669,"Petronille Southwood","petronille.southwood.@yahoo.com","7766186811"
501,670,"Paulie Lemerle","paulie.lemerle.@yahoo.com","9275240640"
502,671,"Rhody Dobbin","rhody.dobbin.@yahoo.com","7602679391"
503,672,"Rene Clements","rene.clements.@yahoo.com","6975097932"
504,673,"Agnes Acey","agnes.acey.@yahoo.com","8351443573"
505,233,"Verena Garman","verena.garman.@yahoo.com","4146878216"
506,674,"Claire Morland","claire.morland.@yahoo.com","5461736093"
507,510,"Othella Flood","othella.flood.@yahoo.com","9653495466"
508,675,"Nertie Igglesden","nertie.igglesden.@yahoo.com","4738799254"
509,676,"Linus Greer","linus.greer.@yahoo.com","1591075810"
510,677,"Des Covet","des.covet.@yahoo.com","4400306458"
511,678,"Jacynth Clubb","jacynth.clubb.@yahoo.com","3250604926"
512,679,"Payton Rissen","payton.rissen.@yahoo.com","8035108775"
513,234,"Coralie Keenlayside","coralie.keenlayside.@yahoo.com","3925220853"
514,102,"Alli Cunney","alli.cunney.@yahoo.com","7424632387"
515,680,"Ulberto Alyutin","ulberto.alyutin.@yahoo.com","6373571614"
516,681,"Sinclare Milburne","sinclare.milburne.@yahoo.com","6268409428"
517,103,"Devy Hookes","devy.hookes.@yahoo.com","8271475355"
518,330,"Dominga Mc Kellen","dominga.mc.kellen@yahoo.com","4340566288"
519,104,"Kalinda Grestye","kalinda.grestye.@yahoo.com","7483709004"
520,105,"Robbin Shottin","robbin.shottin.@yahoo.com","6753958729"
521,682,"Aldrich Phythien","aldrich.phythien.@yahoo.com","2090492350"
522,683,"Jemmy Whelan","jemmy.whelan.@yahoo.com","1453338720"
523,684,"Gearard Rowston","gearard.rowston.@yahoo.com","1803372792"
524,685,"Kenna Lideard","kenna.lideard.@yahoo.com","1077949327"
525,331,"Doll Friary","doll.friary.@yahoo.com","5213342584"
526,686,"Gualterio Paget","gualterio.paget.@yahoo.com","5980724105"
527,687,"Serena Yerby","serena.yerby.@yahoo.com","7379854852"
528,688,"Nita Vannacci","nita.vannacci.@yahoo.com","8256645526"
529,689,"Henry Reaney","henry.reaney.@yahoo.com","9052866180"
530,690,"Rooney Milbourne","rooney.milbourne.@yahoo.com","4064339713"
531,235,"Marketa Olman","marketa.olman.@yahoo.com","9473149322"
532,691,"Klement Brothwell","klement.brothwell.@yahoo.com","1693610542"
533,692,"Andrej Wolfindale","andrej.wolfindale.@yahoo.com","8758035371"
534,693,"Rudolph Brozek","rudolph.brozek.@yahoo.com","8201519572"
535,694,"Ryley McKillop","ryley.mckillop.@yahoo.com","7482187668"
536,695,"Riley Curnnok","riley.curnnok.@yahoo.com","7135606688"
537,106,"Galina Whaites","galina.whaites.@yahoo.com","5426126563"
538,696,"Rania Gerritsma","rania.gerritsma.@yahoo.com","4998551152"
539,107,"Evangeline Bernet","evangeline.bernet.@yahoo.com","7318498461"
540,697,"Berte Tootin","berte.tootin.@yahoo.com","6308341112"
541,105,"Cathe Snar","cathe.snar.@yahoo.com","5207608624"
542,698,"Terry Iannitti","terry.iannitti.@yahoo.com","1261660344"
543,236,"Ernestine Merrgen","ernestine.merrgen.@yahoo.com","1167525456"
544,699,"Debbi Gaule","debbi.gaule.@yahoo.com","9949491337"
545,700,"Xymenes Hands","xymenes.hands.@yahoo.com","9221319069"
546,332,"Killy Condie","killy.condie.@yahoo.com","4656920247"
547,108,"Elke Dumingos","elke.dumingos.@yahoo.com","7797100996"
548,701,"Dusty Yedall","dusty.yedall.@yahoo.com","8880023889"
549,702,"Marchelle Annes","marchelle.annes.@yahoo.com","4576340184"
550,703,"Riordan Wormald","riordan.wormald.@yahoo.com","8548017492"
551,109,"Dodi Lenglet","dodi.lenglet.@yahoo.com","5970705723"
552,704,"Calla Lambal","calla.lambal.@yahoo.com","6095706642"
553,110,"Josephine Archer","josephine.archer.@yahoo.com","5556293538"
554,705,"Henryetta Kunes","henryetta.kunes.@yahoo.com","7356836867"
555,237,"Gusella Wadeling","gusella.wadeling.@yahoo.com","8716279379"
556,706,"Ag Gasking","ag.gasking.@yahoo.com","6694890200"
557,707,"Filmer Floyd","filmer.floyd.@yahoo.com","5770754287"
558,708,"Amandi McConaghy","amandi.mcconaghy.@yahoo.com","8285797073"
559,709,"Maryellen Gligori","maryellen.gligori.@yahoo.com","3737635008"
560,710,"Sibyl Cuphus","sibyl.cuphus.@yahoo.com","2654328639"
561,711,"Mathew Groucutt","mathew.groucutt.@yahoo.com","2895131912"
562,712,"George Woodeson","george.woodeson.@yahoo.com","9174858213"
563,713,"Pauline Danihelka","pauline.danihelka.@yahoo.com","1676118332"
564,714,"Carleen Gyver","carleen.gyver.@yahoo.com","7128734554"
565,715,"Jillene Maro","jillene.maro.@yahoo.com","2744572199"
566,716,"Polly Murton","polly.murton.@yahoo.com","4127317188"
567,717,"Cecilia Swinbourne","cecilia.swinbourne.@yahoo.com","8520868868"
568,718,"Felix Ouver","felix.ouver.@yahoo.com","3966147662"
569,16,"Wynnie Feronet","wynnie.feronet.@yahoo.com","1394600236"
570,719,"Enriqueta Kirwin","enriqueta.kirwin.@yahoo.com","5349392444"
571,720,"Cathee Briscam","cathee.briscam.@yahoo.com","9079956118"
572,238,"Lauri Hughill","lauri.hughill.@yahoo.com","8857946287"
573,111,"Meg Reburn","meg.reburn.@yahoo.com","8155482577"
574,721,"Roanna Safont","roanna.safont.@yahoo.com","5767835721"
575,112,"Nerty Green","nerty.green.@yahoo.com","2009895347"
576,722,"Natasha Cool","natasha.cool.@yahoo.com","5086257291"
577,239,"Cyril Copelli","cyril.copelli.@yahoo.com","3094142174"
578,608,"Stormi Duddin","stormi.duddin.@yahoo.com","7757647424"
579,723,"Alberik Rowcastle","alberik.rowcastle.@yahoo.com","3143790223"
580,724,"Deck Paulat","deck.paulat.@yahoo.com","9171582507"
581,725,"Richie Brydson","richie.brydson.@yahoo.com","2048003422"
582,240,"Audra Hebborn","audra.hebborn.@yahoo.com","4177861083"
583,113,"Melita Drinkale","melita.drinkale.@yahoo.com","8176846347"
584,114,"Joycelin Loghan","joycelin.loghan.@yahoo.com","3325652711"
585,726,"Elisabetta Dubery","elisabetta.dubery.@yahoo.com","9867613722"
586,115,"Del Hughman","del.hughman.@yahoo.com","9264708376"
587,241,"Darla Kubacek","darla.kubacek.@yahoo.com","6695133804"
588,727,"Karel Welband","karel.welband.@yahoo.com","3178844717"
589,728,"Ondrea Keyser","ondrea.keyser.@yahoo.com","3646205296"
590,729,"Liam Downing","liam.downing.@yahoo.com","2639407787"
591,544,"Ezequiel Benion","ezequiel.benion.@yahoo.com","5764636654"
592,730,"Willa Wethered","willa.wethered.@yahoo.com","1233911961"
593,333,"Devland Pagett","devland.pagett.@yahoo.com","6870007029"
594,731,"Beryl Coo","beryl.coo.@yahoo.com","1767469228"
595,732,"Nels Ordish","nels.ordish.@yahoo.com","4358419263"
596,242,"Curry Able","curry.able.@yahoo.com","3464323869"
597,733,"Lind Haggath","lind.haggath.@yahoo.com","2134294072"
598,243,"Red Nordass","red.nordass.@yahoo.com","7805170103"
599,734,"Hamnet Coultas","hamnet.coultas.@yahoo.com","4876727691"
600,244,"Kelsy Schroder","kelsy.schroder.@yahoo.com","9052685344"
601,245,"Adelheid Casolla","adelheid.casolla.@yahoo.com","1877473049"
602,334,"Jesse Martelet","jesse.martelet.@yahoo.com","3356119035"
603,116,"Cornela LaBastida","cornela.labastida.@yahoo.com","1002772130"
604,735,"Ximenez Meredith","ximenez.meredith.@yahoo.com","5601531780"
605,736,"Sherm Probat","sherm.probat.@yahoo.com","5335891448"
606,246,"Hulda Nayshe","hulda.nayshe.@yahoo.com","4740882806"
607,117,"Thorin Jolliman","thorin.jolliman.@yahoo.com","7195880941"
608,737,"Alfreda Chasmer","alfreda.chasmer.@yahoo.com","1633107618"
609,118,"Francis Runciman","francis.runciman.@yahoo.com","8764761773"
610,738,"Nels Hargreaves","nels.hargreaves.@yahoo.com","6943491753"
611,739,"Stephanie Uman","stephanie.uman.@yahoo.com","8931831833"
612,335,"Leonie Battin","leonie.battin.@yahoo.com","3669932310"
613,740,"Leslie Noden","leslie.noden.@yahoo.com","2950130298"
614,119,"Grenville Penburton","grenville.penburton.@yahoo.com","4084001026"
615,741,"Celle Oller","celle.oller.@yahoo.com","8536054592"
616,742,"Ibrahim Jurries","ibrahim.jurries.@yahoo.com","5775153168"
617,743,"Renato Paulin","renato.paulin.@yahoo.com","9047698996"
618,744,"Janeva Silman","janeva.silman.@yahoo.com","9163519485"
619,745,"Pablo Dracksford","pablo.dracksford.@yahoo.com","7072530507"
620,746,"Erinn Vannar","erinn.vannar.@yahoo.com","2633865962"
621,747,"Amandie Rohmer","amandie.rohmer.@yahoo.com","6560111159"
622,247,"Gordan Hitscher","gordan.hitscher.@yahoo.com","8560632432"
623,748,"Emelda Furbank","emelda.furbank.@yahoo.com","7336289592"
624,336,"Marsh Fransoni","marsh.fransoni.@yahoo.com","3599192760"
625,248,"Law Leinweber","law.leinweber.@yahoo.com","2400917781"
626,249,"Kaleena Philips","kaleena.philips.@yahoo.com","6762185731"
627,749,"Eyde Ellerton","eyde.ellerton.@yahoo.com","1046450059"
628,750,"Hermione Tire","hermione.tire.@yahoo.com","8744338034"
629,751,"Itch Merle","itch.merle.@yahoo.com","3175696067"
630,552,"Henrie Ledward","henrie.ledward.@yahoo.com","9897510089"
631,752,"Anna-diane Kopps","anna-diane.kopps.@yahoo.com","4761246640"
632,250,"Jessalin Dimitriades","jessalin.dimitriades.@yahoo.com","5164525764"
633,337,"Burke Jupp","burke.jupp.@yahoo.com","1747648752"
634,753,"Farrel Teare","farrel.teare.@yahoo.com","7541739221"
635,251,"Saul Parsonage","saul.parsonage.@yahoo.com","9286250902"
636,754,"Sharon Lazare","sharon.lazare.@yahoo.com","6417852521"
637,755,"Ainslee Feighney","ainslee.feighney.@yahoo.com","7596334429"
638,756,"Jessey Doddrell","jessey.doddrell.@yahoo.com","4154410689"
639,757,"Marsiella Duprey","marsiella.duprey.@yahoo.com","6820355870"
640,758,"Gianni Aistrop","gianni.aistrop.@yahoo.com","2337602259"
641,120,"Neely Frankcomb","neely.frankcomb.@yahoo.com","1290579795"
642,759,"Lucretia Whyborn","lucretia.whyborn.@yahoo.com","9973340517"
643,252,"Alister Stronack","alister.stronack.@yahoo.com","3374835406"
644,760,"Nancy Rollinshaw","nancy.rollinshaw.@yahoo.com","5980262689"
645,253,"Eimile Matz","eimile.matz.@yahoo.com","7838857974"
646,254,"Valerye Phorsby","valerye.phorsby.@yahoo.com","4723719359"
647,761,"Gothart Domesday","gothart.domesday.@yahoo.com","3925094651"
648,338,"Ram Sinclaire","ram.sinclaire.@yahoo.com","9415548096"
649,339,"Henrie Karolovsky","henrie.karolovsky.@yahoo.com","9292704234"
650,340,"Paxon Jeffcoat","paxon.jeffcoat.@yahoo.com","7857356868"
651,762,"Reg Lepper","reg.lepper.@yahoo.com","2265275047"
652,763,"Wenona MacGinlay","wenona.macginlay.@yahoo.com","2321977449"
653,121,"Niles MacMenamy","niles.macmenamy.@yahoo.com","6809738308"
654,764,"Cele Dunster","cele.dunster.@yahoo.com","5848964015"
655,765,"Jenn Josephoff","jenn.josephoff.@yahoo.com","6976046709"
656,766,"Tyson Gahagan","tyson.gahagan.@yahoo.com","5603872661"
657,767,"Felice Fiddler","felice.fiddler.@yahoo.com","9883875838"
658,768,"Charline Warriner","charline.warriner.@yahoo.com","2606739965"
659,122,"Hanni Dunbleton","hanni.dunbleton.@yahoo.com","2894240991"
660,123,"Terrye Littlechild","terrye.littlechild.@yahoo.com","9435902424"
661,769,"Anjela Shobrook","anjela.shobrook.@yahoo.com","2095019906"
662,770,"Steven Cornbell","steven.cornbell.@yahoo.com","6077667328"
663,771,"Julie Brandes","julie.brandes.@yahoo.com","5966368021"
664,772,"Boot Terbeck","boot.terbeck.@yahoo.com","8895412594"
665,773,"Henryetta Kempster","henryetta.kempster.@yahoo.com","3243035200"
666,341,"Mei Scrogges","mei.scrogges.@yahoo.com","4905546074"
667,774,"Florinda Cellier","florinda.cellier.@yahoo.com","5737454213"
668,124,"Gay Skechley","gay.skechley.@yahoo.com","9519758332"
669,775,"Beret Behneke","beret.behneke.@yahoo.com","2357952665"
670,776,"Adria Koubu","adria.koubu.@yahoo.com","9169362321"
671,777,"Karissa Sancraft","karissa.sancraft.@yahoo.com","9007579926"
672,778,"Julietta Legerwood","julietta.legerwood.@yahoo.com","3774574550"
673,125,"Bentley Gwyneth","bentley.gwyneth.@yahoo.com","5367118849"
674,779,"Janeva Buist","janeva.buist.@yahoo.com","8463074242"
675,780,"Giselle Abrahart","giselle.abrahart.@yahoo.com","4450989425"
676,781,"Inez Flade","inez.flade.@yahoo.com","9393388091"
677,126,"Nicole Linnit","nicole.linnit.@yahoo.com","6845114252"
678,342,"Michaela Babcock","michaela.babcock.@yahoo.com","8579937883"
679,127,"Jacquetta Plampin","jacquetta.plampin.@yahoo.com","9891098264"
680,782,"Ynez Hows","ynez.hows.@yahoo.com","9073001544"
681,128,"Elvina McGlynn","elvina.mcglynn.@yahoo.com","2890462974"
682,783,"Myra Zaczek","myra.zaczek.@yahoo.com","2294562016"
683,255,"Sabina Corneille","sabina.corneille.@yahoo.com","1591791658"
684,784,"Leanna Dur","leanna.dur.@yahoo.com","9329723727"
685,785,"Barnabas Casson","barnabas.casson.@yahoo.com","6350763395"
686,786,"Cornall Pimlock","cornall.pimlock.@yahoo.com","8372968699"
687,787,"Harlie Jindracek","harlie.jindracek.@yahoo.com","9479476280"
688,788,"Leonora Tullett","leonora.tullett.@yahoo.com","9466036624"
689,789,"Vale Norwood","vale.norwood.@yahoo.com","3825680690"
690,790,"Kimberli Eisenberg","kimberli.eisenberg.@yahoo.com","8425302813"
691,791,"Lisle Scamadin","lisle.scamadin.@yahoo.com","8529046299"
692,792,"Graham Rumford","graham.rumford.@yahoo.com","1313687915"
693,256,"Fredelia Snedden","fredelia.snedden.@yahoo.com","2621663441"
694,793,"Anatole Desforges","anatole.desforges.@yahoo.com","3294491520"
695,343,"Gawain Willmont","gawain.willmont.@yahoo.com","1495152359"
696,794,"Brittni Nielson","brittni.nielson.@yahoo.com","5949427021"
697,344,"Paddie Tellenbrok","paddie.tellenbrok.@yahoo.com","6403628985"
698,795,"Monique Fry","monique.fry.@yahoo.com","3285493035"
699,796,"Ogdon Petr","ogdon.petr.@yahoo.com","3638189829"
700,797,"Lance Cheatle","lance.cheatle.@yahoo.com","7203188381"
701,129,"Devonne Yanuk","devonne.yanuk.@yahoo.com","3797106292"
702,798,"Vaughan Gorch","vaughan.gorch.@yahoo.com","8642639845"
703,799,"Terencio Loche","terencio.loche.@yahoo.com","8666893683"
704,257,"Winnah Laye","winnah.laye.@yahoo.com","1730948576"
705,800,"Lawrence O`Cahey","lawrence.o`cahey.@yahoo.com","7247784317"
706,801,"Goldie O`Sherrin","goldie.o`sherrin.@yahoo.com","2622859513"
707,802,"Kristoffer Pales","kristoffer.pales.@yahoo.com","4436180836"
708,803,"Sol Hynam","sol.hynam.@yahoo.com","3460886446"
709,804,"Kristian Beeken","kristian.beeken.@yahoo.com","5742779869"
710,228,"Caterina Rosenzwig","caterina.rosenzwig.@yahoo.com","7464232366"
711,805,"Carroll Tear","carroll.tear.@yahoo.com","9934789697"
712,806,"Jonell Aiton","jonell.aiton.@yahoo.com","8822297214"
713,807,"Sherye Christmas","sherye.christmas.@yahoo.com","2913688050"
714,345,"Natka Featenby","natka.featenby.@yahoo.com","9292203085"
715,258,"Biddy Spadoni","biddy.spadoni.@yahoo.com","5348763327"
716,808,"Brynn Roset","brynn.roset.@yahoo.com","1875144619"
717,809,"Marcelia Kerswell","marcelia.kerswell.@yahoo.com","6518318516"
718,810,"Tove Jaquest","tove.jaquest.@yahoo.com","1465024409"
719,811,"Lorne Boldry","lorne.boldry.@yahoo.com","7401400890"
720,812,"Debbie Noteyoung","debbie.noteyoung.@yahoo.com","1528203473"
721,813,"Devonne Whal","devonne.whal.@yahoo.com","9169354999"
722,259,"Zena Todari","zena.todari.@yahoo.com","3085495465"
723,814,"Kathleen Mac Giolla","kathleen.mac.giolla@yahoo.com","6284579108"
724,815,"Korney Buffery","korney.buffery.@yahoo.com","4292223745"
725,816,"Desiri Issac","desiri.issac.@yahoo.com","3209793771"
726,130,"Serene Steadman","serene.steadman.@yahoo.com","6360163989"
727,817,"Mano Abrahamson","mano.abrahamson.@yahoo.com","1187471188"
728,519,"Yardley Eliet","yardley.eliet.@yahoo.com","7654595449"
729,131,"Christi Flute","christi.flute.@yahoo.com","5799538270"
730,132,"Walther Rablin","walther.rablin.@yahoo.com","4522914256"
731,133,"Sophey Garling","sophey.garling.@yahoo.com","7142030847"
732,346,"Gavra Breslin","gavra.breslin.@yahoo.com","5313559497"
733,818,"Emmerich Ochterlony","emmerich.ochterlony.@yahoo.com","5987718308"
734,819,"Kellina Oates","kellina.oates.@yahoo.com","4023557010"
735,706,"Karee Colchett","karee.colchett.@yahoo.com","7007923329"
736,134,"Enrika Marty","enrika.marty.@yahoo.com","6108159585"
737,260,"Cal Rorke","cal.rorke.@yahoo.com","2527229127"
738,261,"Jehu Dauney","jehu.dauney.@yahoo.com","5275482154"
739,820,"Barb Murfett","barb.murfett.@yahoo.com","8559278210"
740,1024,"Jo O`Nowlan","jo.o`nowlan.@yahoo.com","3767065345"
741,822,"Hermine Dorton","hermine.dorton.@yahoo.com","2409944160"
742,823,"Egon Lawrance","egon.lawrance.@yahoo.com","7893754381"
743,262,"Winn Raynes","winn.raynes.@yahoo.com","4085624056"
744,824,"Emilie Faircley","emilie.faircley.@yahoo.com","4898057350"
745,825,"Antonino McMains","antonino.mcmains.@yahoo.com","7359295221"
746,826,"Megan Beddows","megan.beddows.@yahoo.com","9500486950"
747,135,"Haslett Jenkyn","haslett.jenkyn.@yahoo.com","7365206034"
748,263,"Gus Trower","gus.trower.@yahoo.com","4644496506"
749,811,"Doreen Sothcott","doreen.sothcott.@yahoo.com","7787258546"
750,827,"Allyn Gurnay","allyn.gurnay.@yahoo.com","8704348029"
751,136,"Katy Pine","katy.pine.@yahoo.com","3380380366"
752,347,"Joanie Swindley","joanie.swindley.@yahoo.com","1520398295"
753,828,"Petronille Scrimgeour","petronille.scrimgeour.@yahoo.com","6279187797"
754,137,"Ellis Castanares","ellis.castanares.@yahoo.com","7416371430"
755,412,"Delly Ventum","delly.ventum.@yahoo.com","5856599690"
756,829,"Antonella Ochterlony","antonella.ochterlony.@yahoo.com","7953774038"
757,138,"Felita Dovey","felita.dovey.@yahoo.com","1597687242"
758,830,"Hall Everil","hall.everil.@yahoo.com","8841562570"
759,831,"Dodi Basindale","dodi.basindale.@yahoo.com","2600271826"
760,832,"Krishnah Pearch","krishnah.pearch.@yahoo.com","6681205658"
761,139,"Gabrielle Coxall","gabrielle.coxall.@yahoo.com","4349107749"
762,833,"Jobie Coaten","jobie.coaten.@yahoo.com","1862302638"
763,264,"Borden Hacking","borden.hacking.@yahoo.com","3814243550"
764,834,"Dell Hellsdon","dell.hellsdon.@yahoo.com","9955690128"
765,348,"Dorie Cammell","dorie.cammell.@yahoo.com","1584237175"
766,140,"Rayna Strathearn","rayna.strathearn.@yahoo.com","8060486847"
767,835,"Brendin Meedendorpe","brendin.meedendorpe.@yahoo.com","9433521549"
768,836,"Raquel Borham","raquel.borham.@yahoo.com","1823681025"
769,837,"Tildy Shanks","tildy.shanks.@yahoo.com","9659668301"
770,838,"Alisander Shoebottom","alisander.shoebottom.@yahoo.com","6996158691"
771,839,"Brandon Cocklie","brandon.cocklie.@yahoo.com","2910423383"
772,840,"Hebert Aubin","hebert.aubin.@yahoo.com","6988534081"
773,841,"Aldin Purrier","aldin.purrier.@yahoo.com","2379308510"
774,141,"Willi Voce","willi.voce.@yahoo.com","5090011457"
775,842,"Roxine Humphries","roxine.humphries.@yahoo.com","7987865870"
776,843,"Guthrey Juara","guthrey.juara.@yahoo.com","1295108433"
777,265,"Mariel Bourdel","mariel.bourdel.@yahoo.com","4983360155"
778,844,"Cissiee Gobeau","cissiee.gobeau.@yahoo.com","2587343214"
779,142,"Bonnee Keller","bonnee.keller.@yahoo.com","7572113054"
780,143,"Nelie Cleare","nelie.cleare.@yahoo.com","8324640217"
781,144,"Hurlee Dhennin","hurlee.dhennin.@yahoo.com","5095568370"
782,845,"Charil Fanton","charil.fanton.@yahoo.com","1267400162"
783,846,"Far Emmanuele","far.emmanuele.@yahoo.com","7585938677"
784,145,"Jilly Bursnoll","jilly.bursnoll.@yahoo.com","9578213779"
785,847,"Wakefield Strotton","wakefield.strotton.@yahoo.com","7123635603"
786,848,"Skippy McIlwain","skippy.mcilwain.@yahoo.com","7130740901"
787,849,"Ara McWard","ara.mcward.@yahoo.com","1302406657"
788,850,"Elvira Beverstock","elvira.beverstock.@yahoo.com","2675197030"
789,851,"Westbrooke Blindt","westbrooke.blindt.@yahoo.com","6914249388"
790,852,"Maribelle Allcroft","maribelle.allcroft.@yahoo.com","9770651221"
791,146,"Roosevelt Grigg","roosevelt.grigg.@yahoo.com","2940098153"
792,147,"Jard Adderson","jard.adderson.@yahoo.com","2599816710"
793,266,"Steward Pettinger","steward.pettinger.@yahoo.com","1530890460"
794,853,"Barby Noell","barby.noell.@yahoo.com","3411888040"
795,854,"Bertrand Bilton","bertrand.bilton.@yahoo.com","5806735408"
796,855,"Emilee Riddeough","emilee.riddeough.@yahoo.com","4581049787"
797,856,"Agretha Dutteridge","agretha.dutteridge.@yahoo.com","4772690633"
798,148,"Ferrel Jeratt","ferrel.jeratt.@yahoo.com","2935206562"
799,267,"Selia Grigoroni","selia.grigoroni.@yahoo.com","3404772140"
800,268,"Celine Coopland","celine.coopland.@yahoo.com","6746846756"
801,857,"Danna O`Nion","danna.o`nion.@yahoo.com","4053387172"
802,858,"Cornelia Rowth","cornelia.rowth.@yahoo.com","1740859984"
803,859,"Horatio Codi","horatio.codi.@yahoo.com","6981332785"
804,860,"Dru Priscott","dru.priscott.@yahoo.com","2578711405"
805,861,"Bibbie Bover","bibbie.bover.@yahoo.com","9927960822"
806,862,"Lise Fegan","lise.fegan.@yahoo.com","2111339220"
807,863,"Faith Grushin","faith.grushin.@yahoo.com","6165166262"
808,864,"Berte Cornall","berte.cornall.@yahoo.com","8440970375"
809,865,"King Hillin","king.hillin.@yahoo.com","7976645419"
810,269,"Selena Relton","selena.relton.@yahoo.com","2896336383"
811,866,"Virgie Belhomme","virgie.belhomme.@yahoo.com","9511581270"
812,867,"Brunhilda Beeze","brunhilda.beeze.@yahoo.com","3643136912"
813,270,"Colver McChesney","colver.mcchesney.@yahoo.com","4224387506"
814,868,"Dominick Crafts","dominick.crafts.@yahoo.com","3049368134"
815,349,"Tiertza Barford","tiertza.barford.@yahoo.com","9814731293"
816,869,"Hastie Charopen","hastie.charopen.@yahoo.com","5462156764"
817,350,"Doug Logg","doug.logg.@yahoo.com","3561911576"
818,149,"Clive Crammy","clive.crammy.@yahoo.com","4483487602"
819,870,"Ximenes Carnachen","ximenes.carnachen.@yahoo.com","9076110433"
820,271,"Jere Whitebrook","jere.whitebrook.@yahoo.com","7721137157"
821,871,"Gabe Boyan","gabe.boyan.@yahoo.com","2151557842"
822,872,"Gennifer Koenen","gennifer.koenen.@yahoo.com","5151514875"
823,873,"Tedda Plumridge","tedda.plumridge.@yahoo.com","1183542997"
824,150,"Lexie Spinetti","lexie.spinetti.@yahoo.com","4126714190"
825,151,"Anastasia Baudy","anastasia.baudy.@yahoo.com","7034468519"
826,874,"Anna-maria Neilan","anna-maria.neilan.@yahoo.com","7726222479"
827,152,"Melisandra Mungham","melisandra.mungham.@yahoo.com","1476008373"
828,153,"Dian Collough","dian.collough.@yahoo.com","7274878761"
829,154,"Elayne Karet","elayne.karet.@yahoo.com","3194037180"
830,875,"Pail Duignan","pail.duignan.@yahoo.com","3929533434"
831,876,"Rivi Bowart","rivi.bowart.@yahoo.com","1783127495"
832,877,"Carlye Chiswell","carlye.chiswell.@yahoo.com","3395470051"
833,878,"Braden Bartolacci","braden.bartolacci.@yahoo.com","7187455091"
834,155,"Hedi Chadwin","hedi.chadwin.@yahoo.com","7256633847"
835,879,"Annamarie Taylot","annamarie.taylot.@yahoo.com","5751905021"
836,880,"Rhetta Nevill","rhetta.nevill.@yahoo.com","4880003590"
837,881,"Raye Fyldes","raye.fyldes.@yahoo.com","1025351154"
838,882,"Kellby Quarterman","kellby.quarterman.@yahoo.com","7008363392"
839,883,"Raye Rossant","raye.rossant.@yahoo.com","2822547808"
840,884,"Aaron Cromley","aaron.cromley.@yahoo.com","2250176557"
841,885,"Morganne Brecknell","morganne.brecknell.@yahoo.com","2993458573"
842,886,"Dieter Crannis","dieter.crannis.@yahoo.com","2058324357"
843,887,"Kerri Barnes","kerri.barnes.@yahoo.com","9988893298"
844,156,"Adaline Reichartz","adaline.reichartz.@yahoo.com","1444483914"
845,888,"Ally McBrearty","ally.mcbrearty.@yahoo.com","2443428351"
846,1026,"Theda Jagoe","theda.jagoe.@yahoo.com","7887113860"
847,890,"Jethro Fenwick","jethro.fenwick.@yahoo.com","5642830858"
848,157,"Bambie Frears","bambie.frears.@yahoo.com","6105724231"
849,891,"Ezri Gouck","ezri.gouck.@yahoo.com","6910180993"
850,892,"Charisse Risso","charisse.risso.@yahoo.com","8543428677"
851,893,"Leanna Chapelhow","leanna.chapelhow.@yahoo.com","2814436330"
852,158,"Florella McMullen","florella.mcmullen.@yahoo.com","9050774635"
853,272,"Raven Cawkwell","raven.cawkwell.@yahoo.com","8657891012"
854,273,"Mable Browncey","mable.browncey.@yahoo.com","8885080557"
855,351,"Essie Hagland","essie.hagland.@yahoo.com","9096451795"
856,894,"Valida Greenhill","valida.greenhill.@yahoo.com","3429833381"
857,274,"Malinde Firbanks","malinde.firbanks.@yahoo.com","3392730526"
858,275,"Persis Chipchase","persis.chipchase.@yahoo.com","2222044870"
859,805,"Demetris McGibbon","demetris.mcgibbon.@yahoo.com","7710772724"
860,895,"Natala Stobbe","natala.stobbe.@yahoo.com","5408616679"
861,352,"Shandy Sefton","shandy.sefton.@yahoo.com","4319730829"
862,896,"Sander Maloney","sander.maloney.@yahoo.com","9438507520"
863,897,"Ellis Kops","ellis.kops.@yahoo.com","6439039345"
864,353,"Yankee Penright","yankee.penright.@yahoo.com","5278926534"
865,898,"Wandie Yeeles","wandie.yeeles.@yahoo.com","1594296112"
866,899,"Tanner Garner","tanner.garner.@yahoo.com","3657477141"
867,900,"Maryjo Strangwood","maryjo.strangwood.@yahoo.com","8909896070"
868,901,"Dorise Reames","dorise.reames.@yahoo.com","4583893993"
869,902,"Sly Fullwood","sly.fullwood.@yahoo.com","6335710931"
870,903,"Florella Reape","florella.reape.@yahoo.com","4117495140"
871,904,"Korney O`Carney","korney.o`carney.@yahoo.com","6612959263"
872,159,"Rorie Colicot","rorie.colicot.@yahoo.com","3587029496"
873,905,"Nathanil Eykel","nathanil.eykel.@yahoo.com","2766163298"
874,160,"Carol-jean Sodory","carol-jean.sodory.@yahoo.com","2877302590"
875,906,"Ludwig Fuxman","ludwig.fuxman.@yahoo.com","4053506598"
876,907,"Gloriane Allsepp","gloriane.allsepp.@yahoo.com","1265211362"
877,161,"Christoper Myrkus","christoper.myrkus.@yahoo.com","4090175412"
878,908,"Steward Doyland","steward.doyland.@yahoo.com","7573591697"
879,909,"Jenilee Ricardou","jenilee.ricardou.@yahoo.com","2159131210"
880,354,"Riccardo Jahner","riccardo.jahner.@yahoo.com","1442911657"
881,910,"Leonard Fuxman","leonard.fuxman.@yahoo.com","5732447883"
882,162,"Ali Einchcombe","ali.einchcombe.@yahoo.com","4188158301"
883,911,"Cynthea O`Hickee","cynthea.o`hickee.@yahoo.com","7802659849"
884,912,"Renata Vlach","renata.vlach.@yahoo.com","7551041352"
885,163,"Manuel Gloyens","manuel.gloyens.@yahoo.com","7969501095"
886,276,"Jerrome Drohan","jerrome.drohan.@yahoo.com","7145762101"
887,913,"Karoly Ivie","karoly.ivie.@yahoo.com","8480761650"
888,914,"Jory Glave","jory.glave.@yahoo.com","1409082363"
889,164,"Charin Pinckard","charin.pinckard.@yahoo.com","1938307888"
890,277,"Malina Pengelly","malina.pengelly.@yahoo.com","8134151928"
891,915,"Marillin Dennehy","marillin.dennehy.@yahoo.com","8825408434"
892,916,"Laina Thurborn","laina.thurborn.@yahoo.com","6572008801"
893,917,"Noel Ladley","noel.ladley.@yahoo.com","8227091858"
894,278,"Gail Grigaut","gail.grigaut.@yahoo.com","3652614192"
895,355,"Gordan Kneeshaw","gordan.kneeshaw.@yahoo.com","2786415707"
896,918,"Quinn Stamps","quinn.stamps.@yahoo.com","7932304665"
897,919,"Odilia Bockett","odilia.bockett.@yahoo.com","9160992684"
898,411,"Mikael O`Keevan","mikael.o`keevan.@yahoo.com","1482436727"
899,920,"Egbert Mollnar","egbert.mollnar.@yahoo.com","6141772022"
900,921,"Howie Flamank","howie.flamank.@yahoo.com","9367476163"
901,922,"Judy Swainson","judy.swainson.@yahoo.com","5499869587"
902,923,"Dulcie Lax","dulcie.lax.@yahoo.com","7387392593"
903,1029,"Nelli Myrie","nelli.myrie.@yahoo.com","9517077326"
904,899,"Althea Jaggli","althea.jaggli.@yahoo.com","2355550801"
905,279,"Row Colchett","row.colchett.@yahoo.com","5533388642"
906,925,"Adlai Arnull","adlai.arnull.@yahoo.com","2664976058"
907,926,"Paloma Spellar","paloma.spellar.@yahoo.com","2234960746"
908,581,"Hyacintha Hanne","hyacintha.hanne.@yahoo.com","3833960384"
909,165,"Mattie Brenston","mattie.brenston.@yahoo.com","2111457677"
910,927,"Quintus Parcells","quintus.parcells.@yahoo.com","2291844544"
911,928,"Sue Fargie","sue.fargie.@yahoo.com","1063474643"
912,280,"Amaleta Brattan","amaleta.brattan.@yahoo.com","6136865311"
913,929,"Willow Burmingham","willow.burmingham.@yahoo.com","7068661508"
914,1030,"Fawnia Bartosch","fawnia.bartosch.@yahoo.com","2945212543"
915,931,"Donni Tatem","donni.tatem.@yahoo.com","9410068770"
916,932,"Mary Jellett","mary.jellett.@yahoo.com","6212794549"
917,933,"Todd Riglesford","todd.riglesford.@yahoo.com","1072924724"
918,934,"Aube Francescuzzi","aube.francescuzzi.@yahoo.com","5585476751"
919,935,"Fanni Caccavella","fanni.caccavella.@yahoo.com","8778936569"
920,281,"Allie Turbard","allie.turbard.@yahoo.com","7151351820"
921,166,"Nadine Cudbird","nadine.cudbird.@yahoo.com","4657957231"
922,936,"Ginelle Finnimore","ginelle.finnimore.@yahoo.com","6286099263"
923,937,"Rici Bollin","rici.bollin.@yahoo.com","6136253134"
924,938,"Yvon Chasmor","yvon.chasmor.@yahoo.com","1051088919"
925,939,"Sindee Drynan","sindee.drynan.@yahoo.com","9726831134"
926,940,"Kim McCloughlin","kim.mccloughlin.@yahoo.com","1273357340"
927,941,"Jarib Cranke","jarib.cranke.@yahoo.com","9763463311"
928,942,"Cordelia Whicher","cordelia.whicher.@yahoo.com","8445176033"
929,282,"Adria Heller","adria.heller.@yahoo.com","2121776567"
930,167,"Ash Boise","ash.boise.@yahoo.com","5750924267"
931,943,"Ravid Josephsen","ravid.josephsen.@yahoo.com","4542304632"
932,356,"Belle Priver","belle.priver.@yahoo.com","2384310067"
933,944,"Wanda Ramas","wanda.ramas.@yahoo.com","2288817085"
934,456,"Jazmin Torald","jazmin.torald.@yahoo.com","1117036187"
935,945,"Mellicent Philliphs","mellicent.philliphs.@yahoo.com","9301273469"
936,168,"Reggie Hallaways","reggie.hallaways.@yahoo.com","4687829286"
937,946,"Rubin Ind","rubin.ind.@yahoo.com","1674041170"
938,947,"Melodee Gartshore","melodee.gartshore.@yahoo.com","9455389997"
939,948,"Giffy Wreath","giffy.wreath.@yahoo.com","3437750352"
940,357,"Heida Bohden","heida.bohden.@yahoo.com","6619484298"
941,949,"Saw Aspenlon","saw.aspenlon.@yahoo.com","7674211567"
942,169,"Jenda Castellino","jenda.castellino.@yahoo.com","1695334603"
943,170,"Bobby Blazewski","bobby.blazewski.@yahoo.com","2006019178"
944,950,"Boniface Giovannilli","boniface.giovannilli.@yahoo.com","9384214886"
945,171,"Halette O`Hanley","halette.o`hanley.@yahoo.com","4021296088"
946,283,"Herculie Eastment","herculie.eastment.@yahoo.com","8760672779"
947,951,"Virginie Lammas","virginie.lammas.@yahoo.com","4094374809"
948,952,"Zorine Delacourt","zorine.delacourt.@yahoo.com","8978217130"
949,358,"Isidro Chelam","isidro.chelam.@yahoo.com","6699645694"
950,953,"Annmarie Bountiff","annmarie.bountiff.@yahoo.com","8562807700"
951,954,"Sid Oultram","sid.oultram.@yahoo.com","9788747708"
952,172,"Patrizia Kunrad","patrizia.kunrad.@yahoo.com","9214932360"
953,955,"Marillin Tieman","marillin.tieman.@yahoo.com","1801788206"
954,956,"Rodrigo D`Alessio","rodrigo.d`alessio.@yahoo.com","8176405115"
955,359,"Gigi Trunchion","gigi.trunchion.@yahoo.com","6584157611"
956,284,"Mitzi De Mico","mitzi.de.mico@yahoo.com","9671758983"
957,957,"Dannye Passmore","dannye.passmore.@yahoo.com","6059014408"
958,285,"Carree Jeffree","carree.jeffree.@yahoo.com","6426454517"
959,173,"Shell Oldis","shell.oldis.@yahoo.com","5173683617"
960,958,"Ardene Davydenko","ardene.davydenko.@yahoo.com","1315461693"
961,959,"Lethia Bodechon","lethia.bodechon.@yahoo.com","4017323099"
962,960,"Harriott Manby","harriott.manby.@yahoo.com","2492214539"
963,286,"Kissie Gosford","kissie.gosford.@yahoo.com","2986550061"
964,384,"Isador Saffen","isador.saffen.@yahoo.com","1177378995"
965,961,"Sheela Stein","sheela.stein.@yahoo.com","6959382940"
966,174,"Dal Raper","dal.raper.@yahoo.com","9654649939"
967,1031,"Gauthier Sapshed","gauthier.sapshed.@yahoo.com","3449055080"
968,175,"Gizela Northover","gizela.northover.@yahoo.com","1160968759"
969,963,"Taffy Shipcott","taffy.shipcott.@yahoo.com","1917387157"
970,964,"Forster Pervew","forster.pervew.@yahoo.com","4033404015"
971,965,"Arlette Magauran","arlette.magauran.@yahoo.com","8868283948"
972,287,"Jameson Yaknov","jameson.yaknov.@yahoo.com","7588382747"
973,288,"Esdras Scoffins","esdras.scoffins.@yahoo.com","3812964052"
974,176,"Gradey O`Gready","gradey.o`gready.@yahoo.com","8645630794"
975,177,"Lowrance Kleinmintz","lowrance.kleinmintz.@yahoo.com","9504781007"
976,766,"Dore Coyett","dore.coyett.@yahoo.com","6045276075"
977,178,"Baxy Dunkerley","baxy.dunkerley.@yahoo.com","6381255100"
978,289,"Charlot Warkup","charlot.warkup.@yahoo.com","8844515410"
979,360,"Godfrey Jellicorse","godfrey.jellicorse.@yahoo.com","8234759116"
980,179,"Ives Darmody","ives.darmody.@yahoo.com","4264877107"
981,966,"Stephi Broose","stephi.broose.@yahoo.com","3833924392"
982,967,"Hervey Ganning","hervey.ganning.@yahoo.com","7724487442"
983,968,"Bennett Pendered","bennett.pendered.@yahoo.com","3705969670"
984,1032,"Jilleen Foux","jilleen.foux.@yahoo.com","5846656766"
985,290,"Jefferson Lauderdale","jefferson.lauderdale.@yahoo.com","2635056548"
986,1033,"Stirling Santry","stirling.santry.@yahoo.com","1846599838"
987,971,"Reilly Domonkos","reilly.domonkos.@yahoo.com","3183653054"
988,972,"Mary Demangel","mary.demangel.@yahoo.com","1936244800"
989,180,"Carolan Di Giacomo","carolan.di.giacomo@yahoo.com","3368465394"
990,181,"Clarette Barreau","clarette.barreau.@yahoo.com","1726590666"
991,361,"Germaine Vallack","germaine.vallack.@yahoo.com","7075119283"
992,973,"Alena Geratasch","alena.geratasch.@yahoo.com","6075793825"
993,182,"Dill Beardshall","dill.beardshall.@yahoo.com","1536899652"
994,974,"Dolorita Drayton","dolorita.drayton.@yahoo.com","6735693833"
995,975,"Guthry Galpin","guthry.galpin.@yahoo.com","5075475104"
996,976,"Paton Fritzer","paton.fritzer.@yahoo.com","2378429357"
997,977,"Kelbee Illesley","kelbee.illesley.@yahoo.com","1986560363"
998,291,"Christabella Coathup","christabella.coathup.@yahoo.com","3021248169"
999,978,"Ephrem Steers","ephrem.steers.@yahoo.com","9569478047"
1000,979,"Melesa Halahan","melesa.halahan.@yahoo.com","4319640279"
